run,thisN,thisTrialN,thisRepN,scene_stimulus,scene_cat,scene_label,item_stimulus,item_cat,item_type,congruency,key_resp_remember.keys,key_resp_context.keys,key_resp_context.corr,key_resp_context.rt,key_resp_context.duration,key_resp_context_conf.keys,key_resp_context_conf.rt,key_resp_context_conf.duration,key_resp_scenes.keys,key_resp_scenes.corr,key_resp_scenes.rt,key_resp_scenes.duration,key_resp_scene_conf.keys,key_resp_scene_conf.rt,key_resp_scene_conf.duration,runs.thisRepN,runs.thisTrialN,runs.thisN,runs.thisIndex,trials.thisRepN,trials.thisTrialN,trials.thisN,trials.thisIndex,show_rest_screen.thisRepN,show_rest_screen.thisTrialN,show_rest_screen.thisN,show_rest_screen.thisIndex,thisRow.t,notes,subs_rand_vars.started,subs_rand_vars.stopped,set_instructions.started,set_instructions.stopped,ret_inst_scr.started,text_instructions.started,key_resp_start.started,ret_inst_scr.stopped,key_resp_start.keys,key_resp_start.rt,key_resp_start.duration,ret_inst2.started,text_instructions_2.started,key_resp_start_2.started,ret_inst2.stopped,key_resp_start_2.keys,key_resp_start_2.rt,key_resp_start_2.duration,create_runs_stim_div.started,create_runs_stim_div.stopped,set_rows.started,set_rows.stopped,item_imagine_scene.started,item_cue.started,item_imagine_scene.stopped,trials.key_resp_remember.keys,blank1000.started,blank1000.stopped,select_context.started,text_context_headline.started,text_sea.started,text_jungle.started,key_resp_context.started,select_context.stopped,trials.key_resp_context.keys,trials.key_resp_context.corr,trials.key_resp_context.rt,trials.key_resp_context.duration,blank500.started,text_blank.started,text_blank.stopped,blank500.stopped,context_confidence.started,text_context_choice.started,slider_context_conf.started,key_resp_context_conf.started,context_confidence.stopped,trials.key_resp_context_conf.keys,trials.key_resp_context_conf.rt,trials.key_resp_context_conf.duration,select_scene_name.started,text_scene_headline.started,text_actual_context.started,text_q_scene.started,text_labels.started,select_scene_name.stopped,trials.key_resp_scenes.keys,trials.key_resp_scenes.corr,trials.key_resp_scenes.rt,trials.key_resp_scenes.duration,scene_confidence.started,text_chosen_scene.started,slider_scene_conf.started,key_resp_scene_conf.started,scene_confidence.stopped,trials.key_resp_scene_conf.keys,trials.key_resp_scene_conf.rt,trials.key_resp_scene_conf.duration,blank3000.started,blank3000.stopped,text_scene_headline.stopped,text_actual_context.stopped,text_q_scene.stopped,text_labels.stopped,text_chosen_scene.stopped,slider_scene_conf.stopped,key_resp_scene_conf.stopped,item_cue.stopped,text_context_headline.stopped,text_sea.stopped,text_jungle.stopped,key_resp_context.stopped,is_last.started,is_last.stopped,rest_between_runs.started,text_run_rest.started,key_resp_run_rest.started,rest_between_runs.stopped,show_rest_screen.key_resp_run_rest.keys,show_rest_screen.key_resp_run_rest.rt,show_rest_screen.key_resp_run_rest.duration,text_context_choice.stopped,slider_context_conf.stopped,key_resp_context_conf.stopped,participant,session,delay,group,date,expName,psychopyVersion,frameRate,expStart,
,,,,,,,,,,,,,,,,,,,,,,,,,,,,,,,,,,,,,,,,0.014945030212402344,0.015107154846191406,,,,,,,,,,,,,,,,,,,,,,,,,,,,,,,,,,,,,,,,,,,,,,,,,,,,,,,,,,,,,,,,,,,,,,,,,,,,,,,,,,,,,,,,,,,,,202,1,short,A,2024-11-18_12h48.51.994,SBL_retrieval_exp,2024.2.4,119.99977111860062,2024-11-18 12h49.10.527592 -0500,
,,,,,,,,,,,,,,,,,,,,,,,,,,,,,,,,,,,,,,,,,,0.015125513076782227,0.01521754264831543,,,,,,,,,,,,,,,,,,,,,,,,,,,,,,,,,,,,,,,,,,,,,,,,,,,,,,,,,,,,,,,,,,,,,,,,,,,,,,,,,,,,,,,,,,,202,1,short,A,2024-11-18_12h48.51.994,SBL_retrieval_exp,2024.2.4,119.99977111860062,2024-11-18 12h49.10.527592 -0500,
,,,,,,,,,,,,,,,,,,,,,,,,,,,,,,,,,,,,,,,,,,,,0.015230178833007812,0.021236181259155273,1.0061650276184082,44.69808769226074,space,43.6829137802124,None,,,,,,,,,,,,,,,,,,,,,,,,,,,,,,,,,,,,,,,,,,,,,,,,,,,,,,,,,,,,,,,,,,,,,,,,,,,,,,,,,,,,202,1,short,A,2024-11-18_12h48.51.994,SBL_retrieval_exp,2024.2.4,119.99977111860062,2024-11-18 12h49.10.527592 -0500,
,,,,,,,,,,,,,,,,,,,,,,,,,,,,,,,,,,,,,,,,,,,,,,,,,,,44.698113679885864,44.70613145828247,46.68944334983826,64.07313990592957,space,17.375712633132935,None,,,,,,,,,,,,,,,,,,,,,,,,,,,,,,,,,,,,,,,,,,,,,,,,,,,,,,,,,,,,,,,,,,,,,,,,,,,,,202,1,short,A,2024-11-18_12h48.51.994,SBL_retrieval_exp,2024.2.4,119.99977111860062,2024-11-18 12h49.10.527592 -0500,
,,,,,,,,,,,,,,,,,,,,,,,,,,,,,,,,,,,,,,,,,,,,,,,,,,,,,,,,,,64.07330131530762,64.07341194152832,,,,,,,,,,,,,,,,,,,,,,,,,,,,,,,,,,,,,,,,,,,,,,,,,,,,,,,,,,,,,,,,,,,,,,,,,,,202,1,short,A,2024-11-18_12h48.51.994,SBL_retrieval_exp,2024.2.4,119.99977111860062,2024-11-18 12h49.10.527592 -0500,
0,0,0,0,stimuli/scenes/scene_J2.png,Jungle,Somar,stimuli/items/jungle_object_10.png,Jungle,object,sc,None,2,1,1.4078330993652344,None,3,1.2254271507263184,None,1,1,2.2895984649658203,None,3,1.2732467651367188,None,0,0,0,0,0,0,0,0,,,,,64.13000655174255,,,,,,,,,,,,,,,,,,,,,,64.08852458000183,64.08866834640503,64.12283563613892,64.13000655174255,68.08945298194885,None,72.24846744537354,73.23954057693481,69.08494901657104,69.08942079544067,69.08942079544067,69.08942079544067,0.0007731914520263672,70.49807572364807,2,1,1.4078330993652344,None,75.5398519039154,75.54774689674377,76.04011940956116,76.03120136260986,70.99129104614258,71.01583743095398,71.01583743095398,71.01583743095398,72.24842858314514,3,1.2254271507263184,None,73.2426507472992,73.24774885177612,73.24774885177612,73.24774885177612,73.24774885177612,75.53981065750122,1,1,2.2895984649658203,None,76.03296375274658,76.04011940956116,76.04011940956116,76.04011940956116,77.31505918502808,3,1.2732467651367188,None,77.31509566307068,80.30618906021118,,,,,,,,,,,,,,,,,,,,,,,,,202,1,short,A,2024-11-18_12h48.51.994,SBL_retrieval_exp,2024.2.4,119.99977111860062,2024-11-18 12h49.10.527592 -0500,
0,1,1,0,stimuli/scenes/scene_U1.png,Undersea,Negvi,stimuli/items/undersea_object_29.png,Undersea,object,sc,None,1,1,1.0384149551391602,None,3,1.4334564208984375,None,1,1,1.9038796424865723,None,3,1.3355426788330078,None,0,0,0,0,0,1,1,1,,,,,80.33322811126709,,,,,,,,,,,,,,,,,,,,,,,,80.3322205543518,80.33322811126709,84.32276892662048,None,88.29833841323853,89.2895290851593,85.31506490707397,85.3227322101593,85.3227322101593,85.3227322101593,-5.4836273193359375e-06,86.35640573501587,1,1,1.0384149551391602,None,91.20648956298828,91.21441960334778,91.70609736442566,91.69787049293518,86.84971451759338,86.8560779094696,86.8560779094696,86.8560779094696,88.29830241203308,3,1.4334564208984375,None,89.29292106628418,89.29775309562683,89.29775309562683,89.29775309562683,89.29775309562683,91.20644855499268,1,1,1.9038796424865723,None,91.6996431350708,91.70609736442566,91.70609736442566,91.70609736442566,93.0484230518341,3,1.3355426788330078,None,93.04846024513245,96.03956913948059,,,,,,,,,,,,,,,,,,,,,,,,,202,1,short,A,2024-11-18_12h48.51.994,SBL_retrieval_exp,2024.2.4,119.99977111860062,2024-11-18 12h49.10.527592 -0500,
0,2,2,0,stimuli/scenes/scene_J2.png,Jungle,Somar,stimuli/items/other_object_18.png,Other,object,si,None,2,1,1.193345308303833,None,3,0.9020431041717529,None,None,0,,,None,,,0,0,0,0,0,2,2,2,,,,,96.06764316558838,,,,,,,,,,,,,,,,,,,,,,,,96.06661438941956,96.06764316558838,100.05617070198059,None,103.65685796737671,104.64795422554016,101.04845857620239,101.05613923072815,101.05613923072815,101.05613923072815,2.2411346435546875e-05,102.24816179275513,2,1,1.193345308303833,None,107.13969564437866,107.14781785011292,107.63947820663452,107.63125991821289,102.74139070510864,102.74781608581543,102.74781608581543,102.74781608581543,103.65682220458984,3,0.9020431041717529,None,104.65080189704895,104.65615367889404,104.65615367889404,104.65615367889404,104.65615367889404,107.13966536521912,None,0,,,107.63341498374939,107.64784622192383,107.64784622192383,107.64784622192383,109.6319317817688,None,,,109.63196063041687,112.63130903244019,107.14781785011292,107.14781785011292,107.14781785011292,107.14781785011292,109.63949871063232,109.63949871063232,109.63949871063232,,,,,,,,,,,,,,,,,,202,1,short,A,2024-11-18_12h48.51.994,SBL_retrieval_exp,2024.2.4,119.99977111860062,2024-11-18 12h49.10.527592 -0500,
0,3,3,0,stimuli/scenes/scene_U2.png,Undersea,Malbow,stimuli/items/jungle_object_7.png,Jungle,object,si,None,1,1,0.5539748668670654,None,3,1.1116492748260498,None,2,1,1.0430355072021484,None,3,0.8530416488647461,None,0,0,0,0,0,3,3,3,,,,,112.6625394821167,,,,,,,,,,,,,,,,,,,,,,,,112.66151118278503,112.6625394821167,116.64802837371826,None,119.83191847801208,120.82300066947937,117.64021420478821,117.64788389205933,117.64788389205933,117.64788389205933,-0.0006253719329833984,118.21489357948303,1,1,0.5539748668670654,None,121.88162279129028,121.88955974578857,122.38123846054077,122.37301397323608,118.70816278457642,118.71455979347229,118.71455979347229,118.71455979347229,119.83188152313232,3,1.1116492748260498,None,120.82577443122864,120.8312156200409,120.8312156200409,120.8312156200409,120.8312156200409,121.88158178329468,2,1,1.0430355072021484,None,122.37476515769958,122.38123846054077,122.38123846054077,122.38123846054077,123.24023866653442,3,0.8530416488647461,None,123.24027490615845,126.23137426376343,,,,,,,,116.65619468688965,,,,,,,,,,,,,,,,,202,1,short,A,2024-11-18_12h48.51.994,SBL_retrieval_exp,2024.2.4,119.99977111860062,2024-11-18 12h49.10.527592 -0500,
0,4,4,0,stimuli/scenes/scene_J1.png,Jungle,Tulon,stimuli/items/jungle_animal_7.png,Jungle,animal,sc,None,2,1,1.1468605995178223,None,2,0.8888983726501465,None,2,1,0.837261438369751,None,2,0.6955933570861816,None,0,0,0,0,0,4,4,4,,,,,126.25334143638611,,,,,,,,,,,,,,,,,,,,,,,,126.25228691101074,126.25334143638611,130.239764213562,None,133.78198337554932,134.77308416366577,131.231942653656,131.23961353302002,131.23961353302002,131.23961353302002,-0.0006279945373535156,132.39000868797302,2,1,1.1468605995178223,None,135.6233549118042,135.631285905838,136.12297463417053,136.11474895477295,132.8832061290741,132.88962125778198,132.88962125778198,132.88962125778198,133.78194761276245,2,0.8888983726501465,None,134.7758023738861,134.78129601478577,134.78129601478577,134.78129601478577,134.78129601478577,135.62331867218018,2,1,0.837261438369751,None,136.1164789199829,136.12297463417053,136.12297463417053,136.12297463417053,136.82365131378174,2,0.6955933570861816,None,136.8236870765686,139.8147702217102,,,,,,,,130.24793815612793,,,,,,,,,,,,,,,,,202,1,short,A,2024-11-18_12h48.51.994,SBL_retrieval_exp,2024.2.4,119.99977111860062,2024-11-18 12h49.10.527592 -0500,
0,5,5,0,stimuli/scenes/scene_J1.png,Jungle,Tulon,stimuli/items/undersea_animal_2.png,Undersea,animal,si,None,2,1,1.371084451675415,None,1,1.2888319492340088,None,2,1,1.0291612148284912,None,1,0.8558495044708252,None,0,0,0,0,0,5,5,5,,,,,139.84968066215515,,,,,,,,,,,,,,,,,,,,,,,,139.84864735603333,139.84968066215515,143.83137488365173,None,147.990398645401,148.9814898967743,144.82365679740906,144.8313431739807,144.8313431739807,144.8313431739807,-5.9604644775390625e-06,146.19836688041687,2,1,1.371084451675415,None,150.02341628074646,150.0313560962677,150.52305841445923,150.514812707901,146.6904957294464,146.69803476333618,146.69803476333618,146.69803476333618,147.99036288261414,1,1.2888319492340088,None,148.98183131217957,148.9896981716156,148.9896981716156,148.9896981716156,148.9896981716156,150.02337765693665,2,1,1.0291612148284912,None,150.5155222415924,150.52305841445923,150.52305841445923,150.52305841445923,151.3820562362671,1,0.8558495044708252,None,151.3820927143097,154.37328028678894,,,,,,,,,,,,,,,,,,,,,,,,,202,1,short,A,2024-11-18_12h48.51.994,SBL_retrieval_exp,2024.2.4,119.99977111860062,2024-11-18 12h49.10.527592 -0500,
0,6,6,0,stimuli/scenes/scene_J2.png,Jungle,Somar,stimuli/items/jungle_animal_9.png,Jungle,animal,sc,None,2,1,1.213693380355835,None,2,0.7130179405212402,None,1,1,1.3804292678833008,None,2,0.6010844707489014,None,0,0,0,0,0,6,6,6,,,,,154.3930263519287,,,,,,,,,,,,,,,,,,,,,,,,154.39200353622437,154.3930263519287,158.3817319869995,None,161.81568884849548,162.80680537223816,159.37394833564758,159.38160467147827,159.38160467147827,159.38160467147827,-0.0004563331604003906,160.5986897945404,2,1,1.213693380355835,None,164.1987636089325,164.2067093849182,164.6984076499939,164.69017958641052,161.0908124446869,161.09833145141602,161.09833145141602,161.09833145141602,161.81565237045288,2,0.7130179405212402,None,162.80713939666748,162.8150269985199,162.8150269985199,162.8150269985199,162.8150269985199,164.19872426986694,1,1,1.3804292678833008,None,164.69195747375488,164.6984076499939,164.6984076499939,164.6984076499939,165.30738425254822,2,0.6010844707489014,None,165.30742168426514,168.29861974716187,,,,,,,,158.38990592956543,,,,,,,,,,,,,,,,,202,1,short,A,2024-11-18_12h48.51.994,SBL_retrieval_exp,2024.2.4,119.99977111860062,2024-11-18 12h49.10.527592 -0500,
0,7,7,0,stimuli/scenes/scene_U2.png,Undersea,Malbow,stimuli/items/jungle_animal_18.png,Jungle,animal,si,None,1,1,0.6962070465087891,None,3,0.8409464359283447,None,2,1,0.8072919845581055,None,3,0.49098682403564453,None,0,0,0,0,0,7,7,7,,,,,168.34514379501343,,,,,,,,,,,,,,,,,,,,,,,,168.34412097930908,168.34514379501343,172.3153054714203,None,175.349356174469,176.34048867225647,173.30763220787048,173.3152952194214,173.3152952194214,173.3152952194214,0.00023698806762695312,174.00731706619263,1,1,0.6962070465087891,None,177.15744066238403,177.1653733253479,177.6570689678192,177.6488652229309,174.5006504058838,174.50699663162231,174.50699663162231,174.50699663162231,175.34932017326355,3,0.8409464359283447,None,176.34326028823853,176.3487045764923,176.3487045764923,176.3487045764923,176.3487045764923,177.15740323066711,2,1,0.8072919845581055,None,177.65065836906433,177.6570689678192,177.6570689678192,177.6570689678192,178.1494219303131,3,0.49098682403564453,None,178.1494584083557,181.14057612419128,,,,,,,,,,,,,,,,,,,,,,,,,202,1,short,A,2024-11-18_12h48.51.994,SBL_retrieval_exp,2024.2.4,119.99977111860062,2024-11-18 12h49.10.527592 -0500,
0,8,8,0,stimuli/scenes/scene_U2.png,Undersea,Malbow,stimuli/items/other_object_5.png,Other,object,si,None,1,1,0.49543094635009766,None,3,0.5034291744232178,None,2,1,0.6111459732055664,None,3,0.3584771156311035,None,0,0,0,0,0,8,8,8,,,,,181.16343069076538,,,,,,,,,,,,,,,,,,,,,,,,181.1623830795288,181.16343069076538,185.14897060394287,None,187.65782475471497,188.64894104003906,186.14112639427185,186.14880514144897,186.14880514144897,186.14880514144897,-0.0006206035614013672,186.6491801738739,1,1,0.49543094635009766,None,189.27420783042908,189.28212332725525,189.7738161087036,189.76559495925903,187.1412971019745,187.14882040023804,187.14882040023804,187.14882040023804,187.6577889919281,3,0.5034291744232178,None,188.64927577972412,188.65714573860168,188.65714573860168,188.65714573860168,188.65714573860168,189.2741720676422,2,1,0.6111459732055664,None,189.76630210876465,189.7738161087036,189.7738161087036,189.7738161087036,190.14102220535278,3,0.3584771156311035,None,190.14105772972107,193.13226103782654,,,,,,,,185.1571295261383,,,,,,,,,,,,,,,,,202,1,short,A,2024-11-18_12h48.51.994,SBL_retrieval_exp,2024.2.4,119.99977111860062,2024-11-18 12h49.10.527592 -0500,
0,9,9,0,stimuli/scenes/scene_U2.png,Undersea,Malbow,stimuli/items/undersea_object_15.png,Undersea,object,sc,None,1,1,0.791271448135376,None,3,0.5159714221954346,None,2,1,0.5193417072296143,None,3,0.3583400249481201,None,0,0,0,0,0,9,9,9,,,,,193.15972805023193,,,,,,,,,,,,,,,,,,,,,,,,193.15868377685547,193.15972805023193,197.14885926246643,None,199.9578251838684,200.94892835617065,198.14115023612976,198.14882922172546,198.14882922172546,198.14882922172546,0.0001163482666015625,198.9408724308014,1,1,0.791271448135376,None,201.48256945610046,201.49048256874084,201.98217964172363,201.97393679618835,199.4329845905304,199.44052505493164,199.44052505493164,199.44052505493164,199.95778894424438,3,0.5159714221954346,None,200.94926619529724,200.95715951919556,200.95715951919556,200.95715951919556,200.95715951919556,201.4825325012207,2,1,0.5193417072296143,None,201.97464752197266,201.98217964172363,201.98217964172363,201.98217964172363,202.3493254184723,3,0.3583400249481201,None,202.34936046600342,205.34062552452087,,,,,,,,,,,,,,,,,,,,,,,,,202,1,short,A,2024-11-18_12h48.51.994,SBL_retrieval_exp,2024.2.4,119.99977111860062,2024-11-18 12h49.10.527592 -0500,
0,10,10,0,stimuli/scenes/scene_U2.png,Undersea,Malbow,stimuli/items/undersea_animal_14.png,Undersea,animal,sc,None,2,0,0.5358402729034424,None,2,0.9822041988372803,None,2,1,1.8789217472076416,None,1,0.599637508392334,None,0,0,0,0,0,10,10,10,,,,,205.36078357696533,,,,,,,,,,,,,,,,,,,,,,,,205.35976767539978,205.36078357696533,209.34899139404297,None,212.37457060813904,213.3656346797943,210.3411672115326,210.3488473892212,210.3488473892212,210.3488473892212,-0.00048065185546875,210.89086437225342,2,0,0.5358402729034424,None,215.25757312774658,215.2655029296875,215.75720357894897,215.74897980690002,211.38406944274902,211.39051604270935,211.39051604270935,211.39051604270935,212.37453293800354,2,0.9822041988372803,None,213.3659746646881,213.3738534450531,213.3738534450531,213.3738534450531,213.3738534450531,215.25753378868103,2,1,1.8789217472076416,None,215.74973154067993,215.75720357894897,215.75720357894897,215.75720357894897,216.35793685913086,1,0.599637508392334,None,216.3579752445221,219.34900164604187,,,,,,,,209.357164144516,,,,,,,,,,,,,,,,,202,1,short,A,2024-11-18_12h48.51.994,SBL_retrieval_exp,2024.2.4,119.99977111860062,2024-11-18 12h49.10.527592 -0500,
0,11,11,0,stimuli/scenes/scene_J1.png,Jungle,Tulon,stimuli/items/jungle_object_5.png,Jungle,object,sc,None,2,1,0.7997620105743408,None,3,0.7477736473083496,None,2,1,0.6458075046539307,None,3,0.47179651260375977,None,0,0,0,0,0,11,11,11,,,,,219.36236453056335,,,,,,,,,,,,,,,,,,,,,,,,219.3612983226776,219.36236453056335,223.34905982017517,None,226.4079294204712,227.39899921417236,224.34121680259705,224.34884881973267,224.34884881973267,224.34884881973267,-0.0007448196411132812,225.15750741958618,2,1,0.7997620105743408,None,228.05763983726501,228.06552982330322,228.55723452568054,228.54899430274963,225.64972710609436,225.65721225738525,225.65721225738525,225.65721225738525,226.40789127349854,3,0.7477736473083496,None,227.40181016921997,227.40721702575684,227.40721702575684,227.40721702575684,227.40721702575684,228.0575954914093,2,1,0.6458075046539307,None,228.55076694488525,228.55723452568054,228.55723452568054,228.55723452568054,229.03300023078918,3,0.47179651260375977,None,229.03303813934326,232.0239999294281,,,,,,,,223.3571994304657,,,,,,,,,,,,,,,,,202,1,short,A,2024-11-18_12h48.51.994,SBL_retrieval_exp,2024.2.4,119.99977111860062,2024-11-18 12h49.10.527592 -0500,
0,12,12,0,stimuli/scenes/scene_U2.png,Undersea,Malbow,stimuli/items/undersea_animal_5.png,Undersea,animal,sc,None,1,1,0.7329585552215576,None,2,0.4436366558074951,None,1,0,0.9137074947357178,None,2,0.761028528213501,None,0,0,0,0,0,12,12,12,,,,,232.04551696777344,,,,,,,,,,,,,,,,,,,,,,,,232.0444884300232,232.04551696777344,236.032386302948,None,238.7162687778473,239.70736050605774,237.02458477020264,237.03223967552185,237.03223967552185,237.03223967552185,-0.0007646083831787109,237.76593661308289,1,1,0.7329585552215576,None,240.63264560699463,240.64056396484375,241.1322467327118,241.1240246295929,238.2592203617096,238.26557207107544,238.26557207107544,238.26557207107544,238.71623158454895,2,0.4436366558074951,None,239.7102198600769,239.71557331085205,239.71557331085205,239.71557331085205,239.71557331085205,240.6326060295105,1,0,0.9137074947357178,None,241.12580132484436,241.1322467327118,241.1322467327118,241.1322467327118,241.89970350265503,2,0.761028528213501,None,241.89974212646484,244.89070630073547,,,,,,,,236.0405547618866,,,,,,,,,,,,,,,,,202,1,short,A,2024-11-18_12h48.51.994,SBL_retrieval_exp,2024.2.4,119.99977111860062,2024-11-18 12h49.10.527592 -0500,
0,13,13,0,stimuli/scenes/scene_U1.png,Undersea,Negvi,stimuli/items/jungle_animal_17.png,Jungle,animal,si,None,None,0,,,1,0.8025591373443604,None,None,0,,,1,0.6266233921051025,None,0,0,0,0,0,13,13,13,,,,,249.87161445617676,,,,,,,,,,,,,,,,,,,,,,,,249.87066650390625,,249.87070274353027,None,253.70801663398743,254.69905877113342,249.9078290462494,249.9155993461609,249.9155993461609,249.9155993461609,0.008112907409667969,252.39910340309143,None,0,,,257.190819978714,257.198926448822,257.69060587882996,257.68239068984985,252.8929319381714,252.89895248413086,252.89895248413086,252.89895248413086,253.7079782485962,1,0.8025591373443604,None,254.69941878318787,254.7072868347168,254.7072868347168,254.7072868347168,254.7072868347168,257.1907880306244,None,0,,,257.68459391593933,257.6989643573761,257.6989643573761,257.6989643573761,258.33297896385193,1,0.6266233921051025,None,258.3330171108246,261.3240759372711,257.198926448822,257.198926448822,257.198926448822,257.198926448822,,,,,252.40725302696228,252.40725302696228,252.40725302696228,2.4992148876190186,,,,,,,,,,,,,202,1,short,A,2024-11-18_12h48.51.994,SBL_retrieval_exp,2024.2.4,119.99977111860062,2024-11-18 12h49.10.527592 -0500,
0,14,14,0,stimuli/scenes/scene_J2.png,Jungle,Somar,stimuli/items/jungle_animal_30.png,Jungle,animal,sc,None,2,1,0.9054584503173828,None,3,0.921156644821167,None,1,1,1.1562013626098633,None,2,0.4418950080871582,None,0,0,0,0,0,14,14,14,,,,,261.3489978313446,,,,,,,,,,,,,,,,,,,,,,,,261.3479378223419,261.3489978313446,265.3324475288391,None,268.6663429737091,269.6574237346649,266.32464122772217,266.3322994709015,266.3322994709015,266.3322994709015,-0.0006837844848632812,267.24101734161377,2,1,0.9054584503173828,None,270.8243570327759,270.8322868347168,271.3239817619324,271.31578254699707,267.73426485061646,267.74063658714294,267.74063658714294,267.74063658714294,268.66630578041077,3,0.921156644821167,None,269.66023111343384,269.66563653945923,269.66563653945923,269.66563653945923,269.66563653945923,270.82431507110596,1,1,1.1562013626098633,None,271.3175690174103,271.3239817619324,271.3239817619324,271.3239817619324,271.7745728492737,2,0.4418950080871582,None,271.7746138572693,274.7657709121704,,,,,,,,265.34062123298645,,,,,,,,,,,,,,,,,202,1,short,A,2024-11-18_12h48.51.994,SBL_retrieval_exp,2024.2.4,119.99977111860062,2024-11-18 12h49.10.527592 -0500,
0,15,15,0,stimuli/scenes/scene_U1.png,Undersea,Negvi,stimuli/items/undersea_object_9.png,Undersea,object,sc,None,1,1,1.2240142822265625,None,3,0.8750402927398682,None,1,1,0.8317499160766602,None,3,0.47443366050720215,None,0,0,0,0,0,15,15,15,,,,,274.78868651390076,,,,,,,,,,,,,,,,,,,,,,,,274.7876560688019,274.78868651390076,278.77416467666626,None,282.38290429115295,283.37412095069885,279.76634192466736,279.7740001678467,279.7740001678467,279.7740001678467,-0.0005779266357421875,280.99934458732605,1,1,1.2240142822265625,None,284.21610379219055,284.2239878177643,284.71567153930664,284.7074496746063,281.49265027046204,281.4990029335022,281.4990029335022,281.4990029335022,282.38286685943604,3,0.8750402927398682,None,283.3770663738251,283.3823368549347,283.3823368549347,283.3823368549347,283.3823368549347,284.2160634994507,1,1,0.8317499160766602,None,284.7092306613922,284.71567153930664,284.71567153930664,284.71567153930664,285.1913435459137,3,0.47443366050720215,None,285.1913824081421,288.1824812889099,,,,,,,,278.78231596946716,,,,,,,,,,,,,,,,,202,1,short,A,2024-11-18_12h48.51.994,SBL_retrieval_exp,2024.2.4,119.99977111860062,2024-11-18 12h49.10.527592 -0500,
0,16,16,0,stimuli/scenes/scene_U2.png,Undersea,Malbow,stimuli/items/other_animal_10.png,Other,animal,si,None,1,1,0.5115666389465332,None,3,0.39089012145996094,None,2,1,0.5672614574432373,None,3,0.292278528213501,None,0,0,0,0,0,16,16,16,,,,,288.20751786231995,,,,,,,,,,,,,,,,,,,,,,,,288.2064616680145,288.20751786231995,292.1908416748047,None,294.5998122692108,295.59082889556885,293.1830475330353,293.1906852722168,293.1906852722168,293.1906852722168,-0.0006644725799560547,293.7077114582062,1,1,0.5115666389465332,None,296.1744740009308,296.18234181404114,296.6740322113037,296.6658058166504,294.1998801231384,294.2073743343353,294.2073743343353,294.2073743343353,294.5997738838196,3,0.39089012145996094,None,295.5911841392517,295.5990297794342,295.5990297794342,295.5990297794342,295.5990297794342,296.174435377121,2,1,0.5672614574432373,None,296.66763186454773,296.6740322113037,296.6740322113037,296.6740322113037,296.974707365036,3,0.292278528213501,None,296.9747450351715,299.96585154533386,,,,,,,,292.1990120410919,,,,,,,,,,,,,,,,,202,1,short,A,2024-11-18_12h48.51.994,SBL_retrieval_exp,2024.2.4,119.99977111860062,2024-11-18 12h49.10.527592 -0500,
0,17,17,0,stimuli/scenes/scene_U2.png,Undersea,Malbow,stimuli/items/undersea_animal_16.png,Undersea,animal,sc,None,1,1,0.4564228057861328,None,2,0.5861239433288574,None,2,1,0.6584696769714355,None,2,0.675809383392334,None,0,0,0,0,0,17,17,17,,,,,299.98882007598877,,,,,,,,,,,,,,,,,,,,,,,,299.98779034614563,299.98882007598877,303.9742102622986,None,306.5247564315796,307.5158314704895,304.9664103984833,304.974045753479,304.974045753479,304.974045753479,-0.0006661415100097656,305.43275213241577,1,1,0.4564228057861328,None,308.19111585617065,308.19905519485474,308.6907341480255,308.6824948787689,305.9249482154846,305.9323785305023,305.9323785305023,305.9323785305023,306.52471804618835,2,0.5861239433288574,None,307.51618480682373,307.5240533351898,307.5240533351898,307.5240533351898,307.5240533351898,308.1910755634308,2,1,0.6584696769714355,None,308.6832330226898,308.6907341480255,308.6907341480255,308.6907341480255,309.37472581863403,2,0.675809383392334,None,309.374764919281,312.3658447265625,,,,,,,,303.9823863506317,,,,,,,,,,,,,,,,,202,1,short,A,2024-11-18_12h48.51.994,SBL_retrieval_exp,2024.2.4,119.99977111860062,2024-11-18 12h49.10.527592 -0500,
0,18,18,0,stimuli/scenes/scene_U2.png,Undersea,Malbow,stimuli/items/undersea_object_26.png,Undersea,object,sc,None,1,1,0.7286486625671387,None,3,0.45534634590148926,None,2,1,0.7890217304229736,None,3,0.28136372566223145,None,0,0,0,0,0,18,18,18,,,,,312.3853235244751,,,,,,,,,,,,,,,,,,,,,,,,312.3842749595642,312.3853235244751,316.3742175102234,None,319.0664482116699,320.05752658843994,317.36640214920044,317.37406826019287,317.37406826019287,317.37406826019287,-0.0006635189056396484,318.1077947616577,1,1,0.7286486625671387,None,320.857812166214,320.8657262325287,321.357426404953,321.3491885662079,318.5999255180359,318.60740852355957,318.60740852355957,318.60740852355957,319.0664110183716,3,0.45534634590148926,None,320.05788469314575,320.06574606895447,320.06574606895447,320.06574606895447,320.06574606895447,320.8577721118927,2,1,0.7890217304229736,None,321.34992814064026,321.357426404953,321.357426404953,321.357426404953,321.6414256095886,3,0.28136372566223145,None,321.6414647102356,324.63254714012146,,,,,,,,316.3823871612549,,,,,,,,,,,,,,,,,202,1,short,A,2024-11-18_12h48.51.994,SBL_retrieval_exp,2024.2.4,119.99977111860062,2024-11-18 12h49.10.527592 -0500,
0,19,19,0,stimuli/scenes/scene_J2.png,Jungle,Somar,stimuli/items/other_object_20.png,Other,object,si,None,2,1,0.830176830291748,None,2,0.9528694152832031,None,1,1,1.0265729427337646,None,2,0.3732638359069824,None,0,0,0,0,0,19,19,19,,,,,324.6577196121216,,,,,,,,,,,,,,,,,,,,,,,,324.65667486190796,324.6577196121216,328.64092350006104,None,331.93315529823303,332.92423820495605,329.63312578201294,329.64076113700867,329.64076113700867,329.64076113700867,-0.0006704330444335938,330.4744436740875,2,1,0.830176830291748,None,333.9662082195282,333.97409081459045,334.4657714366913,334.4575469493866,330.96774339675903,330.9740996360779,330.9740996360779,330.9740996360779,331.9331178665161,2,0.9528694152832031,None,332.9269976615906,332.9324321746826,332.9324321746826,332.9324321746826,332.9324321746826,333.96616792678833,1,1,1.0265729427337646,None,334.45933747291565,334.4657714366913,334.4657714366913,334.4657714366913,334.8414349555969,2,0.3732638359069824,None,334.84147238731384,337.8325741291046,,,,,,,,328.649080991745,,,,,,,,,,,,,,,,,202,1,short,A,2024-11-18_12h48.51.994,SBL_retrieval_exp,2024.2.4,119.99977111860062,2024-11-18 12h49.10.527592 -0500,
1,0,0,0,stimuli/scenes/scene_J1.png,Jungle,Tulon,stimuli/items/jungle_animal_15.png,Jungle,animal,sc,None,2,1,0.9967186450958252,None,3,0.6014904975891113,None,2,1,0.7692153453826904,None,3,0.4861915111541748,None,0,1,1,1,0,0,0,0,0,0,0,0,342.74078726768494,,,,,,,,,,,,,,,,,,,,,,341.4669041633606,341.46700859069824,342.73954367637634,342.74078726768494,345.47416162490845,None,348.5748224258423,349.56590390205383,346.4664785861969,346.4741234779358,346.4741234779358,346.4741234779358,-0.0005204677581787109,347.466171503067,2,1,0.9967186450958252,None,350.34949827194214,350.3574421405792,350.84913182258606,350.8409266471863,347.95831274986267,347.9657783508301,347.9657783508301,347.9657783508301,348.5747859477997,3,0.6014904975891113,None,349.56626081466675,349.57409715652466,349.57409715652466,349.57409715652466,349.57409715652466,350.3494575023651,2,1,0.7692153453826904,None,350.84293961524963,350.84913182258606,350.84913182258606,350.84913182258606,351.3414433002472,3,0.4861915111541748,None,351.3414833545685,354.33257269859314,,,,,,,,,,,,,337.8345251083374,337.8346438407898,337.83477306365967,337.84078431129456,338.83244609832764,341.46620440483093,space,2.6307179927825928,None,,,,202,1,short,A,2024-11-18_12h48.51.994,SBL_retrieval_exp,2024.2.4,119.99977111860062,2024-11-18 12h49.10.527592 -0500,
1,1,1,0,stimuli/scenes/scene_J2.png,Jungle,Somar,stimuli/items/jungle_animal_27.png,Jungle,animal,sc,None,2,1,0.6026382446289062,None,3,0.4383363723754883,None,1,1,0.916710615158081,None,2,0.37172746658325195,None,0,1,1,1,0,1,1,1,,,,,354.35799622535706,,,,,,,,,,,,,,,,,,,,,,,,354.35689878463745,354.35799622535706,358.3409354686737,None,360.8914840221405,361.88256430625916,359.33312821388245,359.34080028533936,359.34080028533936,359.34080028533936,-0.0006487369537353516,359.94948172569275,2,1,0.6026382446289062,None,362.8161573410034,362.8241045475006,363.3157870769501,363.3075785636902,360.4416470527649,360.4491353034973,360.4491353034973,360.4491353034973,360.89144587516785,3,0.4383363723754883,None,361.8829219341278,361.8907890319824,361.8907890319824,361.8907890319824,361.8907890319824,362.8161175251007,1,1,0.916710615158081,None,363.3094165325165,363.3157870769501,363.3157870769501,363.3157870769501,363.6914813518524,2,0.37172746658325195,None,363.6915183067322,366.68257093429565,,,,,,,,358.34910678863525,,,,,,,,,,,,,,,,,202,1,short,A,2024-11-18_12h48.51.994,SBL_retrieval_exp,2024.2.4,119.99977111860062,2024-11-18 12h49.10.527592 -0500,
1,2,2,0,stimuli/scenes/scene_U1.png,Undersea,Negvi,stimuli/items/other_animal_4.png,Other,animal,si,None,1,1,0.4761331081390381,None,3,0.4055805206298828,None,1,1,0.6772704124450684,None,3,0.34194469451904297,None,0,1,1,1,0,2,2,2,,,,,366.7101151943207,,,,,,,,,,,,,,,,,,,,,,,,366.70907831192017,366.7101151943207,370.6991503238678,None,373.08315777778625,374.07423663139343,371.69147396087646,371.69911646842957,371.69911646842957,371.69911646842957,-1.9073486328125e-05,372.1744613647461,1,1,0.4761331081390381,None,374.76622009277344,374.77410197257996,375.26576805114746,375.25755548477173,372.6677656173706,372.6741237640381,372.6741237640381,372.6741237640381,373.0831196308136,3,0.4055805206298828,None,374.077303647995,374.08244729042053,374.08244729042053,374.08244729042053,374.08244729042053,374.7661802768707,1,1,0.6772704124450684,None,375.259330034256,375.26576805114746,375.26576805114746,375.26576805114746,375.6163365840912,3,0.34194469451904297,None,375.6163728237152,378.60756278038025,,,,,,,,,,,,,,,,,,,,,,,,,202,1,short,A,2024-11-18_12h48.51.994,SBL_retrieval_exp,2024.2.4,119.99977111860062,2024-11-18 12h49.10.527592 -0500,
1,3,3,0,stimuli/scenes/scene_J1.png,Jungle,Tulon,stimuli/items/other_object_13.png,Other,object,si,None,2,1,0.5840456485748291,None,3,0.5484268665313721,None,2,1,0.7744748592376709,None,2,0.31545519828796387,None,0,1,1,1,0,3,3,3,,,,,378.63229870796204,,,,,,,,,,,,,,,,,,,,,,,,378.6312692165375,378.63229870796204,382.6159360408783,None,385.2581753730774,386.2492229938507,383.6081166267395,383.61578607559204,383.61578607559204,383.61578607559204,-0.0005533695220947266,384.20780968666077,2,1,0.5840456485748291,None,387.03283858299255,387.0407512187958,387.5324537754059,387.5242187976837,384.7010507583618,384.7074453830719,384.7074453830719,384.7074453830719,385.2581379413605,3,0.5484268665313721,None,386.25198674201965,386.2574374675751,386.2574374675751,386.2574374675751,386.2574374675751,387.03279852867126,2,1,0.7744748592376709,None,387.5260057449341,387.5324537754059,387.5324537754059,387.5324537754059,387.84976625442505,2,0.31545519828796387,None,387.8498046398163,390.8408901691437,,,,,,,,382.62410259246826,,,,,,,,,,,,,,,,,202,1,short,A,2024-11-18_12h48.51.994,SBL_retrieval_exp,2024.2.4,119.99977111860062,2024-11-18 12h49.10.527592 -0500,
1,4,4,0,stimuli/scenes/scene_U2.png,Undersea,Malbow,stimuli/items/undersea_animal_26.png,Undersea,animal,sc,None,1,1,0.5109443664550781,None,2,0.4222896099090576,None,2,1,0.8213343620300293,None,2,0.28032469749450684,None,0,1,1,1,0,4,4,4,,,,,390.86202812194824,,,,,,,,,,,,,,,,,,,,,,,,390.86097478866577,390.86202812194824,394.8492567539215,None,397.2914810180664,398.28254985809326,395.8414452075958,395.8491065502167,395.8491065502167,395.8491065502167,-0.0006644725799560547,396.3661193847656,1,1,0.5109443664550781,None,399.1161482334137,399.1241056919098,399.6157717704773,399.6075427532196,396.85938119888306,396.86577463150024,396.86577463150024,396.86577463150024,397.29144525527954,2,0.4222896099090576,None,398.28531408309937,398.2907679080963,398.2907679080963,398.2907679080963,398.2907679080963,399.1161105632782,2,1,0.8213343620300293,None,399.60927748680115,399.6157717704773,399.6157717704773,399.6157717704773,399.8997759819031,2,0.28032469749450684,None,399.89981150627136,402.8908851146698,,,,,,,,394.8574321269989,,,,,,,,,,,,,,,,,202,1,short,A,2024-11-18_12h48.51.994,SBL_retrieval_exp,2024.2.4,119.99977111860062,2024-11-18 12h49.10.527592 -0500,
1,5,5,0,stimuli/scenes/scene_J2.png,Jungle,Somar,stimuli/items/other_animal_13.png,Other,animal,si,None,2,1,0.476452112197876,None,3,0.3578367233276367,None,1,1,0.6795291900634766,None,3,0.26418089866638184,None,0,1,1,1,0,5,5,5,,,,,402.92335653305054,,,,,,,,,,,,,,,,,,,,,,,,402.92232513427734,402.92335653305054,406.907470703125,None,409.2414650917053,410.2325510978699,407.89976477622986,407.9074327945709,407.9074327945709,407.9074327945709,-2.193450927734375e-05,408.3827769756317,2,1,0.476452112197876,None,410.9244792461395,410.9323995113373,411.4240791797638,411.41584825515747,408.8760139942169,408.8824372291565,408.8824372291565,408.8824372291565,409.2414245605469,3,0.3578367233276367,None,410.2353549003601,410.24075293540955,410.24075293540955,410.24075293540955,410.24075293540955,410.92444229125977,1,1,0.6795291900634766,None,411.41755652427673,411.4240791797638,411.4240791797638,411.4240791797638,411.6913559436798,3,0.26418089866638184,None,411.69139099121094,414.6824793815613,,,,,,,,,,,,,,,,,,,,,,,,,202,1,short,A,2024-11-18_12h48.51.994,SBL_retrieval_exp,2024.2.4,119.99977111860062,2024-11-18 12h49.10.527592 -0500,
1,6,6,0,stimuli/scenes/scene_U1.png,Undersea,Negvi,stimuli/items/other_animal_19.png,Other,animal,si,None,1,1,0.588982105255127,None,3,0.9380180835723877,None,1,1,0.6284036636352539,None,2,0.29507899284362793,None,0,1,1,1,0,6,6,6,,,,,414.7256324291229,,,,,,,,,,,,,,,,,,,,,,,,414.72461009025574,414.7256324291229,418.69902777671814,None,421.7246413230896,422.7157280445099,419.6913070678711,419.6989827156067,419.6989827156067,419.6989827156067,-6.008148193359375e-05,420.28266048431396,1,1,0.588982105255127,None,423.35765504837036,423.3655893802643,423.85726261138916,423.849041223526,420.7759163379669,420.78230714797974,420.78230714797974,420.78230714797974,421.7246046066284,3,0.9380180835723877,None,422.71849274635315,422.723929643631,422.723929643631,422.723929643631,422.723929643631,423.3576190471649,1,1,0.6284036636352539,None,423.85075092315674,423.85726261138916,423.85726261138916,423.85726261138916,424.1579568386078,2,0.29507899284362793,None,424.15799355506897,427.149010181427,,,,,,,,,,,,,,,,,,,,,,,,,202,1,short,A,2024-11-18_12h48.51.994,SBL_retrieval_exp,2024.2.4,119.99977111860062,2024-11-18 12h49.10.527592 -0500,
1,7,7,0,stimuli/scenes/scene_U2.png,Undersea,Malbow,stimuli/items/undersea_object_24.png,Undersea,object,sc,None,1,1,0.5552389621734619,None,3,1.0168848037719727,None,2,1,0.6719317436218262,None,3,0.36093735694885254,None,0,1,1,1,0,7,7,7,,,,,427.167204618454,,,,,,,,,,,,,,,,,,,,,,,,427.16618299484253,427.167204618454,431.1573441028595,None,434.241108417511,435.2322461605072,432.14948773384094,432.15715312957764,432.15715312957764,432.15715312957764,-0.0008063316345214844,432.7158796787262,1,1,0.5552389621734619,None,435.9158527851105,435.92377519607544,436.4154589176178,436.40724658966064,433.2079792022705,433.21550703048706,433.21550703048706,433.21550703048706,434.2410719394684,3,1.0168848037719727,None,435.23258423805237,435.2404730319977,435.2404730319977,435.2404730319977,435.2404730319977,435.9158170223236,2,1,0.6719317436218262,None,436.40902638435364,436.4154589176178,436.4154589176178,436.4154589176178,436.7828006744385,3,0.36093735694885254,None,436.7828369140625,439.77384972572327,,,,,,,,431.16550970077515,,,,,,,,,,,,,,,,,202,1,short,A,2024-11-18_12h48.51.994,SBL_retrieval_exp,2024.2.4,119.99977111860062,2024-11-18 12h49.10.527592 -0500,
1,8,8,0,stimuli/scenes/scene_U2.png,Undersea,Malbow,stimuli/items/other_animal_17.png,Other,animal,si,None,2,0,1.194425106048584,None,1,0.582465648651123,None,1,0,1.1911487579345703,None,1,0.491485595703125,None,0,1,1,1,0,8,8,8,,,,,439.7982687950134,,,,,,,,,,,,,,,,,,,,,,,,439.7972505092621,439.7982687950134,443.7822051048279,None,447.06600689888,448.05710530281067,444.77435326576233,444.78202629089355,444.78202629089355,444.78202629089355,-0.0007755756378173828,445.98235750198364,2,0,1.194425106048584,None,449.2573335170746,449.26529598236084,449.75698351860046,449.74875807762146,446.47557401657104,446.4820086956024,446.4820086956024,446.4820086956024,447.0659730434418,1,0.582465648651123,None,448.05744338035583,448.0653266906738,448.0653266906738,448.0653266906738,448.0653266906738,449.2572977542877,1,0,1.1911487579345703,None,449.75051379203796,449.75698351860046,449.75698351860046,449.75698351860046,450.2491855621338,1,0.491485595703125,None,450.249219417572,453.24039244651794,,,,,,,,443.79036498069763,,,,,,,,,,,,,,,,,202,1,short,A,2024-11-18_12h48.51.994,SBL_retrieval_exp,2024.2.4,119.99977111860062,2024-11-18 12h49.10.527592 -0500,
1,9,9,0,stimuli/scenes/scene_U1.png,Undersea,Negvi,stimuli/items/undersea_animal_30.png,Undersea,animal,sc,None,1,1,1.0239818096160889,None,3,0.4910166263580322,None,1,1,0.7913825511932373,None,3,0.39569711685180664,None,0,1,1,1,0,9,9,9,,,,,453.2646918296814,,,,,,,,,,,,,,,,,,,,,,,,453.2636761665344,453.2646918296814,457.2487015724182,None,460.26586174964905,461.25695848464966,458.2408790588379,458.248544216156,458.248544216156,458.248544216156,-0.0006439685821533203,459.2738642692566,1,1,1.0239818096160889,None,462.0571434497833,462.0652115345001,462.5568354129791,462.5485978126526,459.76711988449097,459.77352476119995,459.77352476119995,459.77352476119995,460.26582884788513,3,0.4910166263580322,None,461.2572946548462,461.26517605781555,461.26517605781555,461.26517605781555,461.26517605781555,462.05710887908936,1,1,0.7913825511932373,None,462.5492911338806,462.5568354129791,462.5568354129791,462.5568354129791,462.9574644565582,3,0.39569711685180664,None,462.95749950408936,465.948570728302,,,,,,,,457.2568757534027,,,,,,,,,,,,,,,,,202,1,short,A,2024-11-18_12h48.51.994,SBL_retrieval_exp,2024.2.4,119.99977111860062,2024-11-18 12h49.10.527592 -0500,
1,10,10,0,stimuli/scenes/scene_J2.png,Jungle,Somar,stimuli/items/jungle_object_19.png,Jungle,object,sc,None,2,1,0.8751535415649414,None,2,0.452545166015625,None,1,1,1.010254144668579,None,2,0.3735842704772949,None,0,1,1,1,0,10,10,10,,,,,465.97494077682495,,,,,,,,,,,,,,,,,,,,,,,,465.9739167690277,465.97494077682495,469.9651048183441,None,472.7991440296173,473.79014110565186,470.9573919773102,470.9650619029999,470.9650619029999,470.9650619029999,-8.368492126464844e-05,471.84040355682373,2,1,0.8751535415649414,None,474.8154022693634,474.82332968711853,475.3150155544281,475.3067879676819,472.33361411094666,472.3400459289551,472.3400459289551,472.3400459289551,472.799111366272,2,0.452545166015625,None,473.792848110199,473.7983603477478,473.7983603477478,473.7983603477478,473.7983603477478,474.8153669834137,1,1,1.010254144668579,None,475.308513879776,475.3150155544281,475.3150155544281,475.3150155544281,475.69066548347473,2,0.3735842704772949,None,475.6907000541687,478.6817696094513,,,,,,,,,,,,,,,,,,,,,,,,,202,1,short,A,2024-11-18_12h48.51.994,SBL_retrieval_exp,2024.2.4,119.99977111860062,2024-11-18 12h49.10.527592 -0500,
1,11,11,0,stimuli/scenes/scene_U1.png,Undersea,Negvi,stimuli/items/undersea_animal_1.png,Undersea,animal,sc,None,1,1,0.8780534267425537,None,3,0.34341859817504883,None,1,1,0.721477746963501,None,2,0.2964630126953125,None,0,1,1,1,0,11,11,11,,,,,478.7084674835205,,,,,,,,,,,,,,,,,,,,,,,,478.7074477672577,478.7084674835205,482.6982922554016,None,485.4238910675049,486.4149925708771,483.69056725502014,483.6982433795929,483.6982433795929,483.6982433795929,-0.00010919570922851562,484.57358479499817,1,1,0.8780534267425537,None,487.1485903263092,487.1565194129944,487.6481976509094,487.6399681568146,485.0668122768402,485.07323265075684,485.07323265075684,485.07323265075684,485.4238579273224,3,0.34341859817504883,None,486.4177451133728,486.42320942878723,486.42320942878723,486.42320942878723,486.42320942878723,487.1485562324524,1,1,0.721477746963501,None,487.64166712760925,487.6481976509094,487.6481976509094,487.6481976509094,487.9488377571106,2,0.2964630126953125,None,487.948872089386,490.9399359226227,,,,,,,,,,,,,,,,,,,,,,,,,202,1,short,A,2024-11-18_12h48.51.994,SBL_retrieval_exp,2024.2.4,119.99977111860062,2024-11-18 12h49.10.527592 -0500,
1,12,12,0,stimuli/scenes/scene_U1.png,Undersea,Negvi,stimuli/items/undersea_object_23.png,Undersea,object,sc,None,1,1,0.4446141719818115,None,3,0.3266017436981201,None,1,1,0.5453145503997803,None,3,0.27930474281311035,None,0,1,1,1,0,12,12,12,,,,,490.96571683883667,,,,,,,,,,,,,,,,,,,,,,,,490.9646987915039,490.96571683883667,494.94825625419617,None,497.2321150302887,498.22318029403687,495.94041872024536,495.948096036911,495.948096036911,495.948096036911,-0.0007443428039550781,496.3984405994415,1,1,0.4446141719818115,None,498.7817950248718,498.78971695899963,499.2814071178436,499.273161649704,496.89057064056396,496.89810061454773,496.89810061454773,496.89810061454773,497.23208117485046,3,0.3266017436981201,None,498.2235195636749,498.23140811920166,498.23140811920166,498.23140811920166,498.23140811920166,498.7817597389221,1,1,0.5453145503997803,None,499.2738571166992,499.2814071178436,499.2814071178436,499.2814071178436,499.56535363197327,3,0.27930474281311035,None,499.5653874874115,502.5564739704132,,,,,,,,494.9564173221588,,,,,,,,,,,,,,,,,202,1,short,A,2024-11-18_12h48.51.994,SBL_retrieval_exp,2024.2.4,119.99977111860062,2024-11-18 12h49.10.527592 -0500,
1,13,13,0,stimuli/scenes/scene_U2.png,Undersea,Malbow,stimuli/items/jungle_animal_12.png,Jungle,animal,si,None,1,1,1.8194503784179688,None,1,0.9031732082366943,None,2,1,1.458862066268921,None,1,0.4362301826477051,None,0,1,1,1,0,13,13,13,,,,,502.5884053707123,,,,,,,,,,,,,,,,,,,,,,,,502.5873832702637,502.5884053707123,506.57300329208374,None,510.79865169525146,511.78969168663025,507.56528663635254,507.5729629993439,507.5729629993439,507.5729629993439,-7.557868957519531e-05,509.3899598121643,1,1,1.8194503784179688,None,513.2649583816528,513.2728776931763,513.7645542621613,513.7563495635986,509.88210892677307,509.8895981311798,509.8895981311798,509.8895981311798,510.79861640930176,1,0.9031732082366943,None,511.79003834724426,511.79791593551636,511.79791593551636,511.79791593551636,511.79791593551636,513.2649207115173,2,1,1.458862066268921,None,513.758154630661,513.7645542621613,513.7645542621613,513.7645542621613,514.2068362236023,1,0.4362301826477051,None,514.2068705558777,517.1979575157166,,,,,,,,,,,,,,,,,,,,,,,,,202,1,short,A,2024-11-18_12h48.51.994,SBL_retrieval_exp,2024.2.4,119.99977111860062,2024-11-18 12h49.10.527592 -0500,
1,14,14,0,stimuli/scenes/scene_J1.png,Jungle,Tulon,stimuli/items/jungle_object_21.png,Jungle,object,sc,None,2,1,0.538724422454834,None,3,0.34505772590637207,None,2,1,0.5791006088256836,None,3,0.3117942810058594,None,0,1,1,1,0,14,14,14,,,,,517.2216005325317,,,,,,,,,,,,,,,,,,,,,,,,517.2205591201782,517.2216005325317,521.2062785625458,None,523.5984618663788,524.589554309845,522.1984632015228,522.206116437912,522.206116437912,522.206116437912,-0.0007231235504150391,522.7481184005737,2,1,0.538724422454834,None,525.1814694404602,525.1894006729126,525.681074142456,525.6728644371033,523.2413449287415,523.2477748394012,523.2477748394012,523.2477748394012,523.5984270572662,3,0.34505772590637207,None,524.5922648906708,524.5977499485016,524.5977499485016,524.5977499485016,524.5977499485016,525.1814348697662,2,1,0.5791006088256836,None,525.674562215805,525.681074142456,525.681074142456,525.681074142456,525.998453617096,3,0.3117942810058594,None,525.9984917640686,528.9894831180573,,,,,,,,521.2144556045532,,,,,,,,,,,,,,,,,202,1,short,A,2024-11-18_12h48.51.994,SBL_retrieval_exp,2024.2.4,119.99977111860062,2024-11-18 12h49.10.527592 -0500,
1,15,15,0,stimuli/scenes/scene_U1.png,Undersea,Negvi,stimuli/items/undersea_animal_15.png,Undersea,animal,sc,None,1,1,0.8105742931365967,None,3,0.6306111812591553,None,1,1,0.6612865924835205,None,2,0.3426392078399658,None,0,1,1,1,0,15,15,15,,,,,529.0154378414154,,,,,,,,,,,,,,,,,,,,,,,,529.0144090652466,529.0154378414154,533.0060269832611,None,535.9483132362366,536.9393861293793,533.9982929229736,534.0059809684753,534.0059809684753,534.0059809684753,-0.00017333030700683594,534.8146471977234,1,1,0.8105742931365967,None,537.6146697998047,537.6225876808167,538.1142630577087,538.1060383319855,535.3079044818878,535.3142869472504,535.3142869472504,535.3142869472504,535.9482786655426,3,0.6306111812591553,None,536.9422898292542,536.9476087093353,536.9476087093353,536.9476087093353,536.9476087093353,537.6146349906921,1,1,0.6612865924835205,None,538.1077561378479,538.1142630577087,538.1142630577087,538.1142630577087,538.4648847579956,2,0.3426392078399658,None,538.4649198055267,541.4560179710388,,,,,,,,,,,,,,,,,,,,,,,,,202,1,short,A,2024-11-18_12h48.51.994,SBL_retrieval_exp,2024.2.4,119.99977111860062,2024-11-18 12h49.10.527592 -0500,
1,16,16,0,stimuli/scenes/scene_J1.png,Jungle,Tulon,stimuli/items/jungle_object_1.png,Jungle,object,sc,None,2,1,0.7440824508666992,None,3,0.35880231857299805,None,2,1,0.4321773052215576,None,3,0.29883742332458496,None,0,1,1,1,0,16,16,16,,,,,541.4917817115784,,,,,,,,,,,,,,,,,,,,,,,,541.4907598495483,541.4917817115784,545.4725308418274,None,548.0814681053162,549.0725698471069,546.4648146629333,546.4724752902985,546.4724752902985,546.4724752902985,-8.034706115722656e-05,547.2144889831543,2,1,0.7440824508666992,None,549.5144972801208,549.5224158763885,550.0140962600708,550.005868434906,547.7076923847198,547.7141265869141,547.7141265869141,547.7141265869141,548.0814344882965,3,0.35880231857299805,None,549.0753083229065,549.080766916275,549.080766916275,549.080766916275,549.080766916275,549.5144636631012,2,1,0.4321773052215576,None,550.0075831413269,550.0140962600708,550.0140962600708,550.0140962600708,550.3147165775299,3,0.29883742332458496,None,550.3147506713867,553.3058400154114,,,,,,,,,,,,,,,,,,,,,,,,,202,1,short,A,2024-11-18_12h48.51.994,SBL_retrieval_exp,2024.2.4,119.99977111860062,2024-11-18 12h49.10.527592 -0500,
1,17,17,0,stimuli/scenes/scene_J1.png,Jungle,Tulon,stimuli/items/other_object_6.png,Other,object,si,None,2,1,0.41427159309387207,None,3,0.2983431816101074,None,2,1,0.5503325462341309,None,3,0.24399137496948242,None,0,1,1,1,0,17,17,17,,,,,553.3370599746704,,,,,,,,,,,,,,,,,,,,,,,,553.336042881012,553.3370599746704,557.3223469257355,None,559.5312833786011,560.5224237442017,558.3146624565125,558.3223145008087,558.3223145008087,558.3223145008087,-6.437301635742188e-05,558.7310094833374,2,1,0.41427159309387207,None,561.0893168449402,561.097252368927,561.5889666080475,561.5807073116302,559.2231214046478,559.2306292057037,559.2306292057037,559.2306292057037,559.53125,3,0.2983431816101074,None,560.5227756500244,560.5306174755096,560.5306174755096,560.5306174755096,560.5306174755096,561.0892827510834,2,1,0.5503325462341309,None,561.581444978714,561.5889666080475,561.5889666080475,561.5889666080475,561.8395440578461,3,0.24399137496948242,None,561.8395783901215,564.8306729793549,,,,,,,,,,,,,,,,,,,,,,,,,202,1,short,A,2024-11-18_12h48.51.994,SBL_retrieval_exp,2024.2.4,119.99977111860062,2024-11-18 12h49.10.527592 -0500,
1,18,18,0,stimuli/scenes/scene_J2.png,Jungle,Somar,stimuli/items/jungle_animal_23.png,Jungle,animal,sc,None,2,1,0.5221965312957764,None,3,0.4252009391784668,None,1,1,0.7198832035064697,None,2,0.27889060974121094,None,0,1,1,1,0,18,18,18,,,,,564.8478784561157,,,,,,,,,,,,,,,,,,,,,,,,564.8468503952026,564.8478784561157,568.830650806427,None,571.2977247238159,572.2889125347137,569.8228175640106,569.8304817676544,569.8304817676544,569.8304817676544,-0.0007467269897460938,570.364156961441,2,1,0.5221965312957764,None,573.0224783420563,573.0304234027863,573.5221011638641,573.5138719081879,570.8562800884247,570.8637983798981,570.8637983798981,570.8637983798981,571.2976908683777,3,0.4252009391784668,None,572.289252281189,572.2971203327179,572.2971203327179,572.2971203327179,572.2971203327179,573.0224432945251,1,1,0.7198832035064697,None,573.5156462192535,573.5221011638641,573.5221011638641,573.5221011638641,573.8060600757599,2,0.27889060974121094,None,573.8060946464539,576.7971701622009,,,,,,,,568.8388230800629,,,,,,,,,,,,,,,,,202,1,short,A,2024-11-18_12h48.51.994,SBL_retrieval_exp,2024.2.4,119.99977111860062,2024-11-18 12h49.10.527592 -0500,
1,19,19,0,stimuli/scenes/scene_J1.png,Jungle,Tulon,stimuli/items/undersea_object_17.png,Undersea,object,si,None,2,1,0.5237255096435547,None,2,0.2667057514190674,None,2,1,0.6557488441467285,None,3,0.42543959617614746,None,0,1,1,1,0,19,19,19,,,,,576.8117878437042,,,,,,,,,,,,,,,,,,,,,,,,576.8107557296753,576.8117878437042,580.797144651413,None,583.1060383319855,584.0970652103424,581.7893013954163,581.7969851493835,581.7969851493835,581.7969851493835,-0.0007631778717041016,582.3306617736816,2,1,0.5237255096435547,None,584.7639901638031,584.7719328403473,585.2636046409607,585.2553718090057,582.8228118419647,582.8303117752075,582.8303117752075,582.8303117752075,583.1060059070587,2,0.2667057514190674,None,584.0974042415619,584.105286359787,584.105286359787,584.105286359787,584.105286359787,584.7639546394348,2,1,0.6557488441467285,None,585.2571394443512,585.2636046409607,585.2636046409607,585.2636046409607,585.6976068019867,3,0.42543959617614746,None,585.6976437568665,588.6886899471283,,,,,,,,580.8053216934204,,,,,,,,,,,,,,,,,202,1,short,A,2024-11-18_12h48.51.994,SBL_retrieval_exp,2024.2.4,119.99977111860062,2024-11-18 12h49.10.527592 -0500,
2,0,0,0,stimuli/scenes/scene_J2.png,Jungle,Somar,stimuli/items/other_animal_9.png,Other,animal,si,None,2,1,0.49661684036254883,None,3,0.32932424545288086,None,1,1,0.6120295524597168,None,3,0.2953763008117676,None,0,2,2,2,0,0,0,0,0,0,0,0,593.5125255584717,,,,,,,,,,,,,,,,,,,,,,593.4730529785156,593.4731750488281,593.511399269104,593.5125255584717,597.4801299571991,None,599.8057775497437,600.7968139648438,598.4724218845367,598.4800825119019,598.4800825119019,598.4800825119019,-0.0007441043853759766,598.9720854759216,2,1,0.49661684036254883,None,601.422078371048,601.430025100708,601.9216952323914,601.9134750366211,599.4642081260681,599.4717481136322,599.4717481136322,599.4717481136322,599.8057446479797,3,0.32932424545288086,None,600.7971587181091,600.8050482273102,600.8050482273102,600.8050482273102,600.8050482273102,601.422043800354,1,1,0.6120295524597168,None,601.9152648448944,601.9216952323914,601.9216952323914,601.9216952323914,602.2223701477051,3,0.2953763008117676,None,602.2224044799805,605.213436126709,,,,,,,,,,,,,588.6904656887054,588.690575838089,588.6907036304474,588.6968970298767,589.6885375976562,593.472156047821,space,3.7765493392944336,None,,,,202,1,short,A,2024-11-18_12h48.51.994,SBL_retrieval_exp,2024.2.4,119.99977111860062,2024-11-18 12h49.10.527592 -0500,
2,1,1,0,stimuli/scenes/scene_J1.png,Jungle,Tulon,stimuli/items/other_animal_18.png,Other,animal,si,None,2,1,0.3948042392730713,None,3,0.2795236110687256,None,2,1,0.83622145652771,None,3,0.2625699043273926,None,0,2,2,2,0,1,1,1,,,,,605.2532312870026,,,,,,,,,,,,,,,,,,,,,,,,605.2522025108337,605.2532312870026,609.2299931049347,None,611.4055879116058,612.3967032432556,610.2222971916199,610.229950428009,610.229950428009,610.229950428009,-8.416175842285156e-05,610.6219730377197,2,1,0.3948042392730713,None,613.2469565868378,613.2548985481262,613.7465801239014,613.7383561134338,611.1140904426575,611.1216051578522,611.1216051578522,611.1216051578522,611.4055550098419,3,0.2795236110687256,None,612.3970437049866,612.4049291610718,612.4049291610718,612.4049291610718,612.4049291610718,613.2469215393066,2,1,0.83622145652771,None,613.7401278018951,613.7465801239014,613.7465801239014,613.7465801239014,614.0138642787933,3,0.2625699043273926,None,614.0138986110687,617.0050120353699,,,,,,,,,,,,,,,,,,,,,,,,,202,1,short,A,2024-11-18_12h48.51.994,SBL_retrieval_exp,2024.2.4,119.99977111860062,2024-11-18 12h49.10.527592 -0500,
2,2,2,0,stimuli/scenes/scene_J1.png,Jungle,Tulon,stimuli/items/jungle_animal_6.png,Jungle,animal,sc,None,2,1,0.6200563907623291,None,3,0.34302544593811035,None,2,1,0.6250953674316406,None,3,0.2597482204437256,None,0,2,2,2,0,2,2,2,,,,,617.0265600681305,,,,,,,,,,,,,,,,,,,,,,,,617.0255129337311,617.0265600681305,621.0133187770844,None,623.4888002872467,624.4799110889435,622.005500793457,622.0131587982178,622.0131587982178,622.0131587982178,-0.0007085800170898438,622.6385035514832,2,1,0.6200563907623291,None,625.1218464374542,625.1297714710236,625.6214714050293,625.6132335662842,623.1306533813477,623.1381840705872,623.1381840705872,623.1381840705872,623.4887671470642,3,0.34302544593811035,None,624.4802465438843,624.4881398677826,624.4881398677826,624.4881398677826,624.4881398677826,625.1218121051788,2,1,0.6250953674316406,None,625.6139416694641,625.6214714050293,625.6214714050293,625.6214714050293,625.8887467384338,3,0.2597482204437256,None,625.8887805938721,628.879870891571,,,,,,,,621.0214951038361,,,,,,,,,,,,,,,,,202,1,short,A,2024-11-18_12h48.51.994,SBL_retrieval_exp,2024.2.4,119.99977111860062,2024-11-18 12h49.10.527592 -0500,
2,3,3,0,stimuli/scenes/scene_U2.png,Undersea,Malbow,stimuli/items/jungle_object_23.png,Jungle,object,si,None,1,1,0.5052525997161865,None,2,0.28091907501220703,None,2,1,0.7256174087524414,None,3,0.2602877616882324,None,0,2,2,2,0,3,3,3,,,,,628.9050459861755,,,,,,,,,,,,,,,,,,,,,,,,628.9040222167969,628.9050459861755,632.888200044632,None,635.1803712844849,636.1714506149292,633.8803718090057,633.8880400657654,633.8880400657654,633.8880400657654,-0.00070953369140625,634.3967435359955,1,1,0.5052525997161865,None,636.9134266376495,636.9213347434998,637.4130091667175,637.404780626297,634.8899662494659,634.8963685035706,634.8963685035706,634.8963685035706,635.1803376674652,2,0.28091907501220703,None,636.1742389202118,636.1796803474426,636.1796803474426,636.1796803474426,636.1796803474426,636.9133925437927,2,1,0.7256174087524414,None,637.4065546989441,637.4130091667175,637.4130091667175,637.4130091667175,637.6802954673767,3,0.2602877616882324,None,637.6803288459778,640.671403169632,,,,,,,,632.8963742256165,,,,,,,,,,,,,,,,,202,1,short,A,2024-11-18_12h48.51.994,SBL_retrieval_exp,2024.2.4,119.99977111860062,2024-11-18 12h49.10.527592 -0500,
2,4,4,0,stimuli/scenes/scene_U1.png,Undersea,Negvi,stimuli/items/other_animal_12.png,Other,animal,si,None,1,1,0.5530722141265869,None,2,0.6954576969146729,None,1,1,0.7714908123016357,None,2,0.2965083122253418,None,0,2,2,2,0,4,4,4,,,,,640.6991879940033,,,,,,,,,,,,,,,,,,,,,,,,640.6981499195099,640.6991879940033,644.6879725456238,None,647.4385483264923,648.4296803474426,645.6802685260773,645.6879272460938,645.6879272460938,645.6879272460938,-3.62396240234375e-05,646.2382562160492,1,1,0.5530722141265869,None,649.2132685184479,649.2212054729462,649.7128846645355,649.704666852951,646.7303924560547,646.737913608551,646.737913608551,646.737913608551,647.438515663147,2,0.6954576969146729,None,648.4300179481506,648.4378998279572,648.4378998279572,648.4378998279572,648.4378998279572,649.2132332324982,1,1,0.7714908123016357,None,649.7064290046692,649.7128846645355,649.7128846645355,649.7128846645355,650.0135130882263,2,0.2965083122253418,None,650.0135488510132,653.0046327114105,,,,,,,,,,,,,,,,,,,,,,,,,202,1,short,A,2024-11-18_12h48.51.994,SBL_retrieval_exp,2024.2.4,119.99977111860062,2024-11-18 12h49.10.527592 -0500,
2,5,5,0,stimuli/scenes/scene_U1.png,Undersea,Negvi,stimuli/items/undersea_animal_11.png,Undersea,animal,sc,None,1,1,0.4439659118652344,None,3,0.31065940856933594,None,1,1,0.5940215587615967,None,2,0.2620372772216797,None,0,2,2,2,0,5,5,5,,,,,653.037092924118,,,,,,,,,,,,,,,,,,,,,,,,653.0360584259033,653.037092924118,657.0211770534515,None,659.2801675796509,660.2712199687958,658.0134634971619,658.0211334228516,658.0211334228516,658.0211334228516,-6.0558319091796875e-05,658.4631338119507,1,1,0.4439659118652344,None,660.8798174858093,660.8877534866333,661.3794198036194,661.3712048530579,658.9552733898163,658.9627871513367,658.9627871513367,658.9627871513367,659.2801339626312,3,0.31065940856933594,None,660.2715547084808,660.2794494628906,660.2794494628906,660.2794494628906,660.2794494628906,660.8797821998596,1,1,0.5940215587615967,None,661.3719038963318,661.3794198036194,661.3794198036194,661.3794198036194,661.6467368602753,2,0.2620372772216797,None,661.6467704772949,664.6378695964813,,,,,,,,,,,,,,,,,,,,,,,,,202,1,short,A,2024-11-18_12h48.51.994,SBL_retrieval_exp,2024.2.4,119.99977111860062,2024-11-18 12h49.10.527592 -0500,
2,6,6,0,stimuli/scenes/scene_U1.png,Undersea,Negvi,stimuli/items/undersea_object_8.png,Undersea,object,sc,None,1,1,0.39551448822021484,None,3,0.295518159866333,None,1,1,0.675518274307251,None,2,0.24422168731689453,None,0,2,2,2,0,6,6,6,,,,,664.6587677001953,,,,,,,,,,,,,,,,,,,,,,,,664.6577491760254,664.6587677001953,668.6461837291718,None,670.8467235565186,671.8377985954285,669.6383666992188,669.646026134491,669.646026134491,669.646026134491,-0.0007123947143554688,670.0463619232178,1,1,0.39551448822021484,None,672.5297141075134,672.5376617908478,673.0293436050415,673.0211184024811,670.5384933948517,670.5460205078125,670.5460205078125,670.5460205078125,670.8466901779175,3,0.295518159866333,None,671.8381385803223,671.846033334732,671.846033334732,671.846033334732,671.846033334732,672.5296790599823,1,1,0.675518274307251,None,673.0218198299408,673.0293436050415,673.0293436050415,673.0293436050415,673.2799739837646,2,0.24422168731689453,None,673.2800076007843,676.2711100578308,,,,,,,,668.6543588638306,,,,,,,,,,,,,,,,,202,1,short,A,2024-11-18_12h48.51.994,SBL_retrieval_exp,2024.2.4,119.99977111860062,2024-11-18 12h49.10.527592 -0500,
2,7,7,0,stimuli/scenes/scene_J1.png,Jungle,Tulon,stimuli/items/jungle_object_13.png,Jungle,object,sc,None,2,1,0.7783842086791992,None,2,0.34305405616760254,None,2,1,0.673102855682373,None,2,0.26610755920410156,None,0,2,2,2,0,7,7,7,,,,,676.296055316925,,,,,,,,,,,,,,,,,,,,,,,,676.2950291633606,676.296055316925,680.279464006424,None,682.9132905006409,683.9044110774994,681.2716302871704,681.2793064117432,681.2793064117432,681.2793064117432,-0.0006697177886962891,682.0631051063538,2,1,0.7783842086791992,None,684.5879995822906,684.5959439277649,685.0876250267029,685.0793964862823,682.5562076568604,682.5626347064972,682.5626347064972,682.5626347064972,682.913257598877,2,0.34305405616760254,None,683.9071230888367,683.9126272201538,683.9126272201538,683.9126272201538,683.9126272201538,684.5879652500153,2,1,0.673102855682373,None,685.0811195373535,685.0876250267029,685.0876250267029,685.0876250267029,685.3549177646637,2,0.26610755920410156,None,685.3549518585205,688.3460564613342,,,,,,,,680.2876379489899,,,,,,,,,,,,,,,,,202,1,short,A,2024-11-18_12h48.51.994,SBL_retrieval_exp,2024.2.4,119.99977111860062,2024-11-18 12h49.10.527592 -0500,
2,8,8,0,stimuli/scenes/scene_U1.png,Undersea,Negvi,stimuli/items/other_object_9.png,Other,object,si,None,1,1,0.6228785514831543,None,3,0.2985870838165283,None,1,1,0.7586162090301514,None,3,0.259967565536499,None,0,2,2,2,0,8,8,8,,,,,688.3768403530121,,,,,,,,,,,,,,,,,,,,,,,,688.3757903575897,688.3768403530121,692.3626310825348,None,694.7799232006073,695.7710316181183,693.3549213409424,693.3625872135162,693.3625872135162,693.3625872135162,-6.198883056640625e-06,693.979594707489,1,1,0.6228785514831543,None,696.546359539032,696.5542237758636,697.0459055900574,697.0376799106598,694.4728438854218,694.4792516231537,694.4792516231537,694.4792516231537,694.7798898220062,3,0.2985870838165283,None,695.7740361690521,695.7792499065399,695.7792499065399,695.7792499065399,695.7792499065399,696.5463218688965,1,1,0.7586162090301514,None,697.0394656658173,697.0459055900574,697.0459055900574,697.0459055900574,697.313206911087,3,0.259967565536499,None,697.3132431507111,700.3043501377106,,,,,,,,,,,,,,,,,,,,,,,,,202,1,short,A,2024-11-18_12h48.51.994,SBL_retrieval_exp,2024.2.4,119.99977111860062,2024-11-18 12h49.10.527592 -0500,
2,9,9,0,stimuli/scenes/scene_J2.png,Jungle,Somar,stimuli/items/undersea_object_19.png,Undersea,object,si,None,2,1,1.5454611778259277,None,1,0.5194764137268066,None,2,0,1.5545506477355957,None,1,0.4082021713256836,None,0,2,2,2,0,9,9,9,,,,,700.3250675201416,,,,,,,,,,,,,,,,,,,,,,,,700.3240277767181,700.3250675201416,704.3126845359802,None,707.8882145881653,708.8792989253998,705.3048815727234,705.3125283718109,705.3125283718109,705.3125283718109,-0.0006811618804931641,706.86288022995,2,1,1.5454611778259277,None,710.4462435245514,710.4541347026825,710.94584441185,710.9376192092896,707.3561382293701,707.3625280857086,707.3625280857086,707.3625280857086,707.8881788253784,1,0.5194764137268066,None,708.8821046352386,708.8875167369843,708.8875167369843,708.8875167369843,708.8875167369843,710.4462053775787,2,0,1.5545506477355957,None,710.9394116401672,710.94584441185,710.94584441185,710.94584441185,711.3547325134277,1,0.4082021713256836,None,711.3547677993774,714.3459439277649,,,,,,,,704.3208594322205,,,,,,,,,,,,,,,,,202,1,short,A,2024-11-18_12h48.51.994,SBL_retrieval_exp,2024.2.4,119.99977111860062,2024-11-18 12h49.10.527592 -0500,
2,10,10,0,stimuli/scenes/scene_J1.png,Jungle,Tulon,stimuli/items/undersea_object_5.png,Undersea,object,si,None,2,1,0.8153154850006104,None,3,0.2993655204772949,None,2,1,0.5193953514099121,None,3,0.2783827781677246,None,0,2,2,2,0,10,10,10,,,,,714.3857622146606,,,,,,,,,,,,,,,,,,,,,,,,714.3846995830536,714.3857622146606,718.3625085353851,None,720.9714694023132,721.9625792503357,719.3548069000244,719.3624665737152,719.3624665737152,719.3624665737152,6.747245788574219e-05,720.1711394786835,2,1,0.8153154850006104,None,722.4961786270142,722.504105091095,722.9958012104034,722.9875631332397,720.6633107662201,720.6707954406738,720.6707954406738,720.6707954406738,720.9714343547821,3,0.2993655204772949,None,721.9629428386688,721.9707927703857,721.9707927703857,721.9707927703857,721.9707927703857,722.496141910553,2,1,0.5193953514099121,None,722.9882986545563,722.9958012104034,722.9958012104034,722.9958012104034,723.2797980308533,3,0.2783827781677246,None,723.2798342704773,726.2709064483643,,,,,,,,,,,,,,,,,,,,,,,,,202,1,short,A,2024-11-18_12h48.51.994,SBL_retrieval_exp,2024.2.4,119.99977111860062,2024-11-18 12h49.10.527592 -0500,
,11,11,0,stimuli/scenes/scene_U1.png,Undersea,Negvi,stimuli/items/undersea_object_3.png,Undersea,object,sc,,,,,,,,,,,,,,,,,,,,0,11,11,11,,,,,726.2916858196259,,,,,,,,,,,,,,,,,,,,,,,,726.2906568050385,726.2916858196259,730.2792410850525,None,734.5297677516937,735.5208811759949,731.2714426517487,731.2790787220001,731.2790787220001,731.2790787220001,-0.0007231235504150391,732.0461051464081,1,1,0.763218879699707,None,738.0209772586823,738.0374400615692,738.5291016101837,738.5209064483643,732.5393967628479,732.545752286911,732.545752286911,732.545752286911,734.5297389030457,None,,,735.5237121582031,735.5374283790588,735.5374283790588,735.5374283790588,735.5374283790588,738.0209457874298,None,0,,,738.5230524539948,738.5374627113342,738.5374627113342,738.5374627113342,,,,,,,738.0290932655334,738.0290932655334,738.0290932655334,738.0290932655334,,,,730.2874114513397,,,,,,,,,,,,,,734.5374190807343,734.5374190807343,734.5374190807343,,,,,,,,,,
